iter,time,est_name,n_fe,dgp_name,n_obs,language
1,0.00363898277282715,FixedEffectModels.reg,2,difficult,1000,julia
2,0.00351810455322266,FixedEffectModels.reg,2,difficult,1000,julia
3,0.00413393974304199,FixedEffectModels.reg,2,difficult,1000,julia
1,0.00757503509521484,FixedEffectModels.reg,3,difficult,1000,julia
2,0.00725293159484863,FixedEffectModels.reg,3,difficult,1000,julia
3,0.0074460506439209,FixedEffectModels.reg,3,difficult,1000,julia
1,0.00863885879516602,fixest::feols,2,difficult,1000,r
2,0.00937795639038086,fixest::feols,2,difficult,1000,r
3,0.00969910621643066,fixest::feols,2,difficult,1000,r
1,0.0108108520507812,fixest::feols,3,difficult,1000,r
2,0.011991024017334,fixest::feols,3,difficult,1000,r
3,0.0123488903045654,fixest::feols,3,difficult,1000,r
1,0.061359167098999,lfe::felm,2,difficult,1000,r
2,0.0608701705932617,lfe::felm,2,difficult,1000,r
3,0.0622990131378174,lfe::felm,2,difficult,1000,r
1,0.0614058971405029,lfe::felm,3,difficult,1000,r
2,0.0624830722808838,lfe::felm,3,difficult,1000,r
3,0.0630288124084473,lfe::felm,3,difficult,1000,r
1,0.0061848330005887,linearmodels.AbsorbingLS,2,difficult,1000,python
2,0.006239333000849,linearmodels.AbsorbingLS,2,difficult,1000,python
3,0.00610849999793572,linearmodels.AbsorbingLS,2,difficult,1000,python
1,0.00681154199992307,linearmodels.AbsorbingLS,3,difficult,1000,python
2,0.006996916999924,linearmodels.AbsorbingLS,3,difficult,1000,python
3,0.00686616700113518,linearmodels.AbsorbingLS,3,difficult,1000,python
1,0.0465916659995855,pyfixest.feols (numba),2,difficult,1000,python
2,0.0451622090004094,pyfixest.feols (numba),2,difficult,1000,python
3,0.0456187080017116,pyfixest.feols (numba),2,difficult,1000,python
1,1.8638894579999,pyfixest.feols (numba),3,difficult,1000,python
2,1.86294437499964,pyfixest.feols (numba),3,difficult,1000,python
3,1.87063266699988,pyfixest.feols (numba),3,difficult,1000,python
1,0.0452484590023232,pyfixest.feols (rust),2,difficult,1000,python
2,0.0450460000029125,pyfixest.feols (rust),2,difficult,1000,python
3,0.0453240830029245,pyfixest.feols (rust),2,difficult,1000,python
1,0.90480962500078,pyfixest.feols (rust),3,difficult,1000,python
2,0.915274499999214,pyfixest.feols (rust),3,difficult,1000,python
3,0.907763292001618,pyfixest.feols (rust),3,difficult,1000,python
1,0.0550308750025579,pyfixest.feols (scipy),2,difficult,1000,python
2,0.0550265000019863,pyfixest.feols (scipy),2,difficult,1000,python
3,0.0563927080002031,pyfixest.feols (scipy),2,difficult,1000,python
1,1.0563245830017,pyfixest.feols (scipy),3,difficult,1000,python
2,1.05681320800068,pyfixest.feols (scipy),3,difficult,1000,python
3,1.05355712500022,pyfixest.feols (scipy),3,difficult,1000,python
1,0.00808366699857288,statsmodels.OLS,2,difficult,1000,python
2,0.00820516699968721,statsmodels.OLS,2,difficult,1000,python
3,0.00793487500050105,statsmodels.OLS,2,difficult,1000,python
1,0.00925929100048961,statsmodels.OLS,3,difficult,1000,python
2,0.00924400000076275,statsmodels.OLS,3,difficult,1000,python
3,0.00923254100052873,statsmodels.OLS,3,difficult,1000,python
1,0.00348997116088867,FixedEffectModels.reg,2,simple,1000,julia
2,0.00330400466918945,FixedEffectModels.reg,2,simple,1000,julia
3,0.00329113006591797,FixedEffectModels.reg,2,simple,1000,julia
1,0.00902819633483887,FixedEffectModels.reg,3,simple,1000,julia
2,0.00989103317260742,FixedEffectModels.reg,3,simple,1000,julia
3,0.00893497467041016,FixedEffectModels.reg,3,simple,1000,julia
1,0.00963401794433594,fixest::feols,2,simple,1000,r
2,0.00893306732177734,fixest::feols,2,simple,1000,r
3,0.0112590789794922,fixest::feols,2,simple,1000,r
1,0.0121891498565674,fixest::feols,3,simple,1000,r
2,0.0131409168243408,fixest::feols,3,simple,1000,r
3,0.0126230716705322,fixest::feols,3,simple,1000,r
1,0.0616188049316406,lfe::felm,2,simple,1000,r
2,0.0619029998779297,lfe::felm,2,simple,1000,r
3,0.0626699924468994,lfe::felm,2,simple,1000,r
1,0.0622799396514893,lfe::felm,3,simple,1000,r
2,0.0628468990325928,lfe::felm,3,simple,1000,r
3,0.0630841255187988,lfe::felm,3,simple,1000,r
1,0.00598237499798415,linearmodels.AbsorbingLS,2,simple,1000,python
2,0.00612766699487111,linearmodels.AbsorbingLS,2,simple,1000,python
3,0.00602154199441429,linearmodels.AbsorbingLS,2,simple,1000,python
1,0.00723862499580719,linearmodels.AbsorbingLS,3,simple,1000,python
2,0.00699499999609543,linearmodels.AbsorbingLS,3,simple,1000,python
3,0.00726666699483758,linearmodels.AbsorbingLS,3,simple,1000,python
1,0.0457462500053225,pyfixest.feols (numba),2,simple,1000,python
2,0.0459695419995114,pyfixest.feols (numba),2,simple,1000,python
3,0.0453419580007903,pyfixest.feols (numba),2,simple,1000,python
1,0.0461698340004659,pyfixest.feols (numba),3,simple,1000,python
2,0.0463688750023721,pyfixest.feols (numba),3,simple,1000,python
3,0.0461660000000848,pyfixest.feols (numba),3,simple,1000,python
1,0.0455843329982599,pyfixest.feols (rust),2,simple,1000,python
2,0.0453363330016146,pyfixest.feols (rust),2,simple,1000,python
3,0.044569165998837,pyfixest.feols (rust),2,simple,1000,python
1,0.0448206250002841,pyfixest.feols (rust),3,simple,1000,python
2,0.0461807500032592,pyfixest.feols (rust),3,simple,1000,python
3,0.0461559999966994,pyfixest.feols (rust),3,simple,1000,python
1,0.056262042002345,pyfixest.feols (scipy),2,simple,1000,python
2,0.0560496659963974,pyfixest.feols (scipy),2,simple,1000,python
3,0.0557312500022817,pyfixest.feols (scipy),2,simple,1000,python
1,0.0586800419987412,pyfixest.feols (scipy),3,simple,1000,python
2,0.0580125000051339,pyfixest.feols (scipy),3,simple,1000,python
3,0.0569775409967406,pyfixest.feols (scipy),3,simple,1000,python
1,0.00822916600009194,statsmodels.OLS,2,simple,1000,python
2,0.00817824999830918,statsmodels.OLS,2,simple,1000,python
3,0.00813258300331654,statsmodels.OLS,2,simple,1000,python
1,0.0093457910043071,statsmodels.OLS,3,simple,1000,python
2,0.00935449999815319,statsmodels.OLS,3,simple,1000,python
3,0.00932287499745144,statsmodels.OLS,3,simple,1000,python
1,0.00538706779479981,FixedEffectModels.reg,2,difficult,10000,julia
2,0.00486588478088379,FixedEffectModels.reg,2,difficult,10000,julia
3,0.00939106941223144,FixedEffectModels.reg,2,difficult,10000,julia
1,0.0179300308227539,FixedEffectModels.reg,3,difficult,10000,julia
2,0.0197329521179199,FixedEffectModels.reg,3,difficult,10000,julia
3,0.021216869354248,FixedEffectModels.reg,3,difficult,10000,julia
1,0.00309991836547852,fixest::feols,2,difficult,10000,r
2,0.00415301322937012,fixest::feols,2,difficult,10000,r
3,0.00601696968078613,fixest::feols,2,difficult,10000,r
1,0.0069580078125,fixest::feols,3,difficult,10000,r
2,0.00863814353942871,fixest::feols,3,difficult,10000,r
3,0.0127251148223877,fixest::feols,3,difficult,10000,r
1,0.0588889122009277,lfe::felm,2,difficult,10000,r
2,0.0601611137390137,lfe::felm,2,difficult,10000,r
3,0.062345027923584,lfe::felm,2,difficult,10000,r
1,0.0596799850463867,lfe::felm,3,difficult,10000,r
2,0.061682939529419,lfe::felm,3,difficult,10000,r
3,0.0686230659484863,lfe::felm,3,difficult,10000,r
1,0.0141825829996378,linearmodels.AbsorbingLS,2,difficult,10000,python
2,0.0137181250029244,linearmodels.AbsorbingLS,2,difficult,10000,python
3,0.014131042000372,linearmodels.AbsorbingLS,2,difficult,10000,python
1,0.0454297500000394,linearmodels.AbsorbingLS,3,difficult,10000,python
2,0.0435080000024755,linearmodels.AbsorbingLS,3,difficult,10000,python
3,0.0480725419984083,linearmodels.AbsorbingLS,3,difficult,10000,python
1,0.0464243749993329,pyfixest.feols (numba),2,difficult,10000,python
2,0.0460769169985724,pyfixest.feols (numba),2,difficult,10000,python
3,0.0483617089994368,pyfixest.feols (numba),2,difficult,10000,python
1,1.86851845799902,pyfixest.feols (numba),3,difficult,10000,python
2,1.8768109579978,pyfixest.feols (numba),3,difficult,10000,python
3,1.8639756670018,pyfixest.feols (numba),3,difficult,10000,python
1,0.0460888330017042,pyfixest.feols (rust),2,difficult,10000,python
2,0.0462469590020191,pyfixest.feols (rust),2,difficult,10000,python
3,0.0467638750014885,pyfixest.feols (rust),2,difficult,10000,python
1,0.90683799999897,pyfixest.feols (rust),3,difficult,10000,python
2,0.909456249999494,pyfixest.feols (rust),3,difficult,10000,python
3,0.907441291001305,pyfixest.feols (rust),3,difficult,10000,python
1,0.0741305410010682,pyfixest.feols (scipy),2,difficult,10000,python
2,0.0739365000008547,pyfixest.feols (scipy),2,difficult,10000,python
3,0.07493091699871,pyfixest.feols (scipy),2,difficult,10000,python
1,1.07811633299934,pyfixest.feols (scipy),3,difficult,10000,python
2,1.09204054200018,pyfixest.feols (scipy),3,difficult,10000,python
3,1.09573612500026,pyfixest.feols (scipy),3,difficult,10000,python
1,0.827966749999177,statsmodels.OLS,2,difficult,10000,python
2,0.837098790998425,statsmodels.OLS,2,difficult,10000,python
3,0.820134041998244,statsmodels.OLS,2,difficult,10000,python
1,0.906559666000248,statsmodels.OLS,3,difficult,10000,python
2,0.909648917000595,statsmodels.OLS,3,difficult,10000,python
3,0.906587666002451,statsmodels.OLS,3,difficult,10000,python
1,0.00548100471496582,FixedEffectModels.reg,2,simple,10000,julia
2,0.00487303733825684,FixedEffectModels.reg,2,simple,10000,julia
3,0.0116329193115234,FixedEffectModels.reg,2,simple,10000,julia
1,0.0148839950561523,FixedEffectModels.reg,3,simple,10000,julia
2,0.0143790245056152,FixedEffectModels.reg,3,simple,10000,julia
3,0.0148417949676514,FixedEffectModels.reg,3,simple,10000,julia
1,0.00522184371948242,fixest::feols,2,simple,10000,r
2,0.00701498985290527,fixest::feols,2,simple,10000,r
3,0.00744795799255371,fixest::feols,2,simple,10000,r
1,0.00897216796875,fixest::feols,3,simple,10000,r
2,0.00891304016113281,fixest::feols,3,simple,10000,r
3,0.0110588073730469,fixest::feols,3,simple,10000,r
1,0.061337947845459,lfe::felm,2,simple,10000,r
2,0.0712170600891113,lfe::felm,2,simple,10000,r
3,0.0645148754119873,lfe::felm,2,simple,10000,r
1,0.0631461143493652,lfe::felm,3,simple,10000,r
2,0.0642728805541992,lfe::felm,3,simple,10000,r
3,0.066511869430542,lfe::felm,3,simple,10000,r
1,0.0142361659964081,linearmodels.AbsorbingLS,2,simple,10000,python
2,0.013849791001121,linearmodels.AbsorbingLS,2,simple,10000,python
3,0.0139242090008338,linearmodels.AbsorbingLS,2,simple,10000,python
1,0.0193829999989248,linearmodels.AbsorbingLS,3,simple,10000,python
2,0.019925291002437,linearmodels.AbsorbingLS,3,simple,10000,python
3,0.0195119170020917,linearmodels.AbsorbingLS,3,simple,10000,python
1,0.0467794169962872,pyfixest.feols (numba),2,simple,10000,python
2,0.0482349590020021,pyfixest.feols (numba),2,simple,10000,python
3,0.0475410829967586,pyfixest.feols (numba),2,simple,10000,python
1,0.0480870000028517,pyfixest.feols (numba),3,simple,10000,python
2,0.0482556249990012,pyfixest.feols (numba),3,simple,10000,python
3,0.0478377499966882,pyfixest.feols (numba),3,simple,10000,python
1,0.047182750000502,pyfixest.feols (rust),2,simple,10000,python
2,0.047353583999211,pyfixest.feols (rust),2,simple,10000,python
3,0.0472517500020331,pyfixest.feols (rust),2,simple,10000,python
1,0.0485711669971352,pyfixest.feols (rust),3,simple,10000,python
2,0.0485710840002867,pyfixest.feols (rust),3,simple,10000,python
3,0.0481706249993295,pyfixest.feols (rust),3,simple,10000,python
1,0.0732181249986752,pyfixest.feols (scipy),2,simple,10000,python
2,0.0745853330008686,pyfixest.feols (scipy),2,simple,10000,python
3,0.0751739170009387,pyfixest.feols (scipy),2,simple,10000,python
1,0.0820793749953737,pyfixest.feols (scipy),3,simple,10000,python
2,0.0827549999958137,pyfixest.feols (scipy),3,simple,10000,python
3,0.0817814170004567,pyfixest.feols (scipy),3,simple,10000,python
1,0.823133625002811,statsmodels.OLS,2,simple,10000,python
2,0.828549041994847,statsmodels.OLS,2,simple,10000,python
3,0.824471666994214,statsmodels.OLS,2,simple,10000,python
1,0.906399875006173,statsmodels.OLS,3,simple,10000,python
2,0.911449958999583,statsmodels.OLS,3,simple,10000,python
3,0.915011332996073,statsmodels.OLS,3,simple,10000,python
1,0.0121200084686279,FixedEffectModels.reg,2,difficult,100000,julia
2,0.010404109954834,FixedEffectModels.reg,2,difficult,100000,julia
3,0.00799798965454102,FixedEffectModels.reg,2,difficult,100000,julia
1,0.134722948074341,FixedEffectModels.reg,3,difficult,100000,julia
2,0.149017095565796,FixedEffectModels.reg,3,difficult,100000,julia
3,0.148151159286499,FixedEffectModels.reg,3,difficult,100000,julia
1,0.0106849670410156,fixest::feols,2,difficult,100000,r
2,0.0102949142456055,fixest::feols,2,difficult,100000,r
3,0.0108699798583984,fixest::feols,2,difficult,100000,r
1,0.201992034912109,fixest::feols,3,difficult,100000,r
2,0.271167993545532,fixest::feols,3,difficult,100000,r
3,0.202701091766357,fixest::feols,3,difficult,100000,r
1,0.0882620811462402,lfe::felm,2,difficult,100000,r
2,0.0872550010681152,lfe::felm,2,difficult,100000,r
3,0.0886638164520264,lfe::felm,2,difficult,100000,r
1,3.28228402137756,lfe::felm,3,difficult,100000,r
2,3.05877494812012,lfe::felm,3,difficult,100000,r
3,2.94858694076538,lfe::felm,3,difficult,100000,r
1,0.0950878749972617,linearmodels.AbsorbingLS,2,difficult,100000,python
2,0.0955225000034261,linearmodels.AbsorbingLS,2,difficult,100000,python
3,0.0965240840014303,linearmodels.AbsorbingLS,2,difficult,100000,python
1,26.2140705830025,linearmodels.AbsorbingLS,3,difficult,100000,python
2,23.0117633750015,linearmodels.AbsorbingLS,3,difficult,100000,python
3,24.0421792500019,linearmodels.AbsorbingLS,3,difficult,100000,python
1,0.0609469169976364,pyfixest.feols (numba),2,difficult,100000,python
2,0.0601630829987698,pyfixest.feols (numba),2,difficult,100000,python
3,0.0587026670000341,pyfixest.feols (numba),2,difficult,100000,python
1,3.12684004200128,pyfixest.feols (numba),3,difficult,100000,python
2,2.7668799589992,pyfixest.feols (numba),3,difficult,100000,python
3,2.88119679100055,pyfixest.feols (numba),3,difficult,100000,python
1,0.0621210419994895,pyfixest.feols (rust),2,difficult,100000,python
2,0.0595128749992,pyfixest.feols (rust),2,difficult,100000,python
3,0.0585618750010326,pyfixest.feols (rust),2,difficult,100000,python
1,2.09066412500033,pyfixest.feols (rust),3,difficult,100000,python
2,1.75059966700064,pyfixest.feols (rust),3,difficult,100000,python
3,1.84073258300123,pyfixest.feols (rust),3,difficult,100000,python
1,0.271904208999331,pyfixest.feols (scipy),2,difficult,100000,python
2,0.263374875001318,pyfixest.feols (scipy),2,difficult,100000,python
3,0.263493750000634,pyfixest.feols (scipy),2,difficult,100000,python
1,1.9159939170022,pyfixest.feols (scipy),3,difficult,100000,python
2,2.02276537500074,pyfixest.feols (scipy),3,difficult,100000,python
3,1.99460833299963,pyfixest.feols (scipy),3,difficult,100000,python
1,,statsmodels.OLS,2,difficult,100000,python
2,,statsmodels.OLS,2,difficult,100000,python
3,,statsmodels.OLS,2,difficult,100000,python
1,,statsmodels.OLS,3,difficult,100000,python
2,,statsmodels.OLS,3,difficult,100000,python
3,,statsmodels.OLS,3,difficult,100000,python
1,0.00967597961425781,FixedEffectModels.reg,2,simple,100000,julia
2,0.0135300159454346,FixedEffectModels.reg,2,simple,100000,julia
3,0.0158448219299316,FixedEffectModels.reg,2,simple,100000,julia
1,0.0241060256958008,FixedEffectModels.reg,3,simple,100000,julia
2,0.0336689949035645,FixedEffectModels.reg,3,simple,100000,julia
3,0.042194128036499,FixedEffectModels.reg,3,simple,100000,julia
1,0.0104799270629883,fixest::feols,2,simple,100000,r
2,0.0103518962860107,fixest::feols,2,simple,100000,r
3,0.0153491497039795,fixest::feols,2,simple,100000,r
1,0.0159168243408203,fixest::feols,3,simple,100000,r
2,0.0157880783081055,fixest::feols,3,simple,100000,r
3,0.0155491828918457,fixest::feols,3,simple,100000,r
1,0.0841019153594971,lfe::felm,2,simple,100000,r
2,0.0840861797332764,lfe::felm,2,simple,100000,r
3,0.0845699310302734,lfe::felm,2,simple,100000,r
1,0.0966808795928955,lfe::felm,3,simple,100000,r
2,0.0870871543884277,lfe::felm,3,simple,100000,r
3,0.0880820751190186,lfe::felm,3,simple,100000,r
1,0.0969048339975416,linearmodels.AbsorbingLS,2,simple,100000,python
2,0.0962187080003787,linearmodels.AbsorbingLS,2,simple,100000,python
3,0.0962784999937867,linearmodels.AbsorbingLS,2,simple,100000,python
1,0.15745833300025,linearmodels.AbsorbingLS,3,simple,100000,python
2,0.165235334003228,linearmodels.AbsorbingLS,3,simple,100000,python
3,0.161453041000641,linearmodels.AbsorbingLS,3,simple,100000,python
1,0.0615046249949955,pyfixest.feols (numba),2,simple,100000,python
2,0.0601408750007977,pyfixest.feols (numba),2,simple,100000,python
3,0.0598551660004887,pyfixest.feols (numba),2,simple,100000,python
1,0.064331375004258,pyfixest.feols (numba),3,simple,100000,python
2,0.0658926670002984,pyfixest.feols (numba),3,simple,100000,python
3,0.0658774170005927,pyfixest.feols (numba),3,simple,100000,python
1,0.0613313339999877,pyfixest.feols (rust),2,simple,100000,python
2,0.0607600420044037,pyfixest.feols (rust),2,simple,100000,python
3,0.0593416249976144,pyfixest.feols (rust),2,simple,100000,python
1,0.0637784589998773,pyfixest.feols (rust),3,simple,100000,python
2,0.0653482089983299,pyfixest.feols (rust),3,simple,100000,python
3,0.0657405419988209,pyfixest.feols (rust),3,simple,100000,python
1,0.268278666997503,pyfixest.feols (scipy),2,simple,100000,python
2,0.272397500004445,pyfixest.feols (scipy),2,simple,100000,python
3,0.269071083996096,pyfixest.feols (scipy),2,simple,100000,python
1,0.32268550000299,pyfixest.feols (scipy),3,simple,100000,python
2,0.332737083001121,pyfixest.feols (scipy),3,simple,100000,python
3,0.323284916994453,pyfixest.feols (scipy),3,simple,100000,python
1,,statsmodels.OLS,2,simple,100000,python
2,,statsmodels.OLS,2,simple,100000,python
3,,statsmodels.OLS,2,simple,100000,python
1,,statsmodels.OLS,3,simple,100000,python
2,,statsmodels.OLS,3,simple,100000,python
3,,statsmodels.OLS,3,simple,100000,python
1,0.0567419528961182,FixedEffectModels.reg,2,difficult,500000,julia
2,0.0401821136474609,FixedEffectModels.reg,2,difficult,500000,julia
3,0.116091966629028,FixedEffectModels.reg,2,difficult,500000,julia
1,1.32599186897278,FixedEffectModels.reg,3,difficult,500000,julia
2,1.63022518157959,FixedEffectModels.reg,3,difficult,500000,julia
3,1.80116295814514,FixedEffectModels.reg,3,difficult,500000,julia
1,0.0354330539703369,fixest::feols,2,difficult,500000,r
2,0.0362710952758789,fixest::feols,2,difficult,500000,r
3,0.0456850528717041,fixest::feols,2,difficult,500000,r
1,2.47532200813293,fixest::feols,3,difficult,500000,r
2,3.80103492736816,fixest::feols,3,difficult,500000,r
3,4.14855694770813,fixest::feols,3,difficult,500000,r
1,0.182983875274658,lfe::felm,2,difficult,500000,r
2,0.176103115081787,lfe::felm,2,difficult,500000,r
3,0.172827005386353,lfe::felm,2,difficult,500000,r
1,,lfe::felm,3,difficult,500000,r
2,,lfe::felm,3,difficult,500000,r
3,,lfe::felm,3,difficult,500000,r
1,0.494047000000137,linearmodels.AbsorbingLS,2,difficult,500000,python
2,0.482276292001188,linearmodels.AbsorbingLS,2,difficult,500000,python
3,0.491285875003086,linearmodels.AbsorbingLS,2,difficult,500000,python
1,,linearmodels.AbsorbingLS,3,difficult,500000,python
2,,linearmodels.AbsorbingLS,3,difficult,500000,python
3,,linearmodels.AbsorbingLS,3,difficult,500000,python
1,0.112451458000578,pyfixest.feols (numba),2,difficult,500000,python
2,0.114754082998843,pyfixest.feols (numba),2,difficult,500000,python
3,0.114748415995564,pyfixest.feols (numba),2,difficult,500000,python
1,13.2621839170024,pyfixest.feols (numba),3,difficult,500000,python
2,14.1523060829932,pyfixest.feols (numba),3,difficult,500000,python
3,15.252569749995,pyfixest.feols (numba),3,difficult,500000,python
1,0.114508124999702,pyfixest.feols (rust),2,difficult,500000,python
2,0.1180731669956,pyfixest.feols (rust),2,difficult,500000,python
3,0.115946416997758,pyfixest.feols (rust),2,difficult,500000,python
1,11.6909509999969,pyfixest.feols (rust),3,difficult,500000,python
2,12.4847393750024,pyfixest.feols (rust),3,difficult,500000,python
3,13.6614705829998,pyfixest.feols (rust),3,difficult,500000,python
1,1.31442658299784,pyfixest.feols (scipy),2,difficult,500000,python
2,1.08161220899638,pyfixest.feols (scipy),2,difficult,500000,python
3,1.11659258300642,pyfixest.feols (scipy),2,difficult,500000,python
1,5.69041716700303,pyfixest.feols (scipy),3,difficult,500000,python
2,5.30703212499793,pyfixest.feols (scipy),3,difficult,500000,python
3,5.76690541599965,pyfixest.feols (scipy),3,difficult,500000,python
1,,statsmodels.OLS,2,difficult,500000,python
2,,statsmodels.OLS,2,difficult,500000,python
3,,statsmodels.OLS,2,difficult,500000,python
1,,statsmodels.OLS,3,difficult,500000,python
2,,statsmodels.OLS,3,difficult,500000,python
3,,statsmodels.OLS,3,difficult,500000,python
1,0.0393640995025635,FixedEffectModels.reg,2,simple,500000,julia
2,0.0377299785614014,FixedEffectModels.reg,2,simple,500000,julia
3,0.0426268577575684,FixedEffectModels.reg,2,simple,500000,julia
1,0.163160085678101,FixedEffectModels.reg,3,simple,500000,julia
2,0.0938761234283447,FixedEffectModels.reg,3,simple,500000,julia
3,0.0904178619384766,FixedEffectModels.reg,3,simple,500000,julia
1,0.0331490039825439,fixest::feols,2,simple,500000,r
2,0.0424590110778809,fixest::feols,2,simple,500000,r
3,0.0355451107025146,fixest::feols,2,simple,500000,r
1,0.0611090660095215,fixest::feols,3,simple,500000,r
2,0.0598089694976807,fixest::feols,3,simple,500000,r
3,0.0618500709533691,fixest::feols,3,simple,500000,r
1,0.177878141403198,lfe::felm,2,simple,500000,r
2,0.17232084274292,lfe::felm,2,simple,500000,r
3,0.17657995223999,lfe::felm,2,simple,500000,r
1,0.206499099731445,lfe::felm,3,simple,500000,r
2,0.279169082641602,lfe::felm,3,simple,500000,r
3,0.208359956741333,lfe::felm,3,simple,500000,r
1,0.497403124994889,linearmodels.AbsorbingLS,2,simple,500000,python
2,0.479740707996825,linearmodels.AbsorbingLS,2,simple,500000,python
3,0.478458083001897,linearmodels.AbsorbingLS,2,simple,500000,python
1,0.906007499994303,linearmodels.AbsorbingLS,3,simple,500000,python
2,0.910638166002172,linearmodels.AbsorbingLS,3,simple,500000,python
3,0.905436041997746,linearmodels.AbsorbingLS,3,simple,500000,python
1,0.111843499995302,pyfixest.feols (numba),2,simple,500000,python
2,0.11329874999501,pyfixest.feols (numba),2,simple,500000,python
3,0.112382125000295,pyfixest.feols (numba),2,simple,500000,python
1,0.140495166997425,pyfixest.feols (numba),3,simple,500000,python
2,0.136865625005157,pyfixest.feols (numba),3,simple,500000,python
3,0.136240583000472,pyfixest.feols (numba),3,simple,500000,python
1,0.116015958003118,pyfixest.feols (rust),2,simple,500000,python
2,0.114298499996949,pyfixest.feols (rust),2,simple,500000,python
3,0.115164500006358,pyfixest.feols (rust),2,simple,500000,python
1,0.137796540999261,pyfixest.feols (rust),3,simple,500000,python
2,0.137322750000749,pyfixest.feols (rust),3,simple,500000,python
3,0.136858125006256,pyfixest.feols (rust),3,simple,500000,python
1,1.09457395900245,pyfixest.feols (scipy),2,simple,500000,python
2,1.07092008299514,pyfixest.feols (scipy),2,simple,500000,python
3,1.05290562500159,pyfixest.feols (scipy),2,simple,500000,python
1,1.36762891599938,pyfixest.feols (scipy),3,simple,500000,python
2,1.37913866600138,pyfixest.feols (scipy),3,simple,500000,python
3,1.28898508299608,pyfixest.feols (scipy),3,simple,500000,python
1,,statsmodels.OLS,2,simple,500000,python
2,,statsmodels.OLS,2,simple,500000,python
3,,statsmodels.OLS,2,simple,500000,python
1,,statsmodels.OLS,3,simple,500000,python
2,,statsmodels.OLS,3,simple,500000,python
3,,statsmodels.OLS,3,simple,500000,python
1,0.0855941772460938,FixedEffectModels.reg,2,difficult,1000000,julia
2,0.0882430076599121,FixedEffectModels.reg,2,difficult,1000000,julia
3,0.146975040435791,FixedEffectModels.reg,2,difficult,1000000,julia
1,2.9918999671936,FixedEffectModels.reg,3,difficult,1000000,julia
2,3.04909610748291,FixedEffectModels.reg,3,difficult,1000000,julia
3,3.03030800819397,FixedEffectModels.reg,3,difficult,1000000,julia
1,0.075476884841919,fixest::feols,2,difficult,1000000,r
2,0.0766499042510986,fixest::feols,2,difficult,1000000,r
3,0.138586044311523,fixest::feols,2,difficult,1000000,r
1,6.79956698417664,fixest::feols,3,difficult,1000000,r
2,5.87010502815247,fixest::feols,3,difficult,1000000,r
3,5.96630501747131,fixest::feols,3,difficult,1000000,r
1,0.43551516532898,lfe::felm,2,difficult,1000000,r
2,0.47342586517334,lfe::felm,2,difficult,1000000,r
3,0.374476194381714,lfe::felm,2,difficult,1000000,r
1,,lfe::felm,3,difficult,1000000,r
2,,lfe::felm,3,difficult,1000000,r
3,,lfe::felm,3,difficult,1000000,r
1,0.983498665998923,linearmodels.AbsorbingLS,2,difficult,1000000,python
2,0.982541916000628,linearmodels.AbsorbingLS,2,difficult,1000000,python
3,0.993528792001598,linearmodels.AbsorbingLS,2,difficult,1000000,python
1,,linearmodels.AbsorbingLS,3,difficult,1000000,python
2,,linearmodels.AbsorbingLS,3,difficult,1000000,python
3,,linearmodels.AbsorbingLS,3,difficult,1000000,python
1,2.04349708300288,pyfixest.feols (numba),2,difficult,1000000,python
2,2.05092066699945,pyfixest.feols (numba),2,difficult,1000000,python
3,2.069509500001,pyfixest.feols (numba),2,difficult,1000000,python
1,41.3792560830007,pyfixest.feols (numba),3,difficult,1000000,python
2,31.7478983750007,pyfixest.feols (numba),3,difficult,1000000,python
3,28.299161166,pyfixest.feols (numba),3,difficult,1000000,python
1,1.06913420899946,pyfixest.feols (rust),2,difficult,1000000,python
2,1.07197020899912,pyfixest.feols (rust),2,difficult,1000000,python
3,1.08486591600013,pyfixest.feols (rust),2,difficult,1000000,python
1,38.5286539999979,pyfixest.feols (rust),3,difficult,1000000,python
2,29.3322899170016,pyfixest.feols (rust),3,difficult,1000000,python
3,26.1487445830026,pyfixest.feols (rust),3,difficult,1000000,python
1,3.55587916700097,pyfixest.feols (scipy),2,difficult,1000000,python
2,3.55250104199877,pyfixest.feols (scipy),2,difficult,1000000,python
3,3.58190579200164,pyfixest.feols (scipy),2,difficult,1000000,python
1,10.0413770000014,pyfixest.feols (scipy),3,difficult,1000000,python
2,9.79970675000004,pyfixest.feols (scipy),3,difficult,1000000,python
3,9.52411266600029,pyfixest.feols (scipy),3,difficult,1000000,python
1,,statsmodels.OLS,2,difficult,1000000,python
2,,statsmodels.OLS,2,difficult,1000000,python
3,,statsmodels.OLS,2,difficult,1000000,python
1,,statsmodels.OLS,3,difficult,1000000,python
2,,statsmodels.OLS,3,difficult,1000000,python
3,,statsmodels.OLS,3,difficult,1000000,python
1,0.0763068199157715,FixedEffectModels.reg,2,simple,1000000,julia
2,0.0746889114379883,FixedEffectModels.reg,2,simple,1000000,julia
3,0.0764131546020508,FixedEffectModels.reg,2,simple,1000000,julia
1,0.180613040924072,FixedEffectModels.reg,3,simple,1000000,julia
2,0.166821956634521,FixedEffectModels.reg,3,simple,1000000,julia
3,0.169361114501953,FixedEffectModels.reg,3,simple,1000000,julia
1,0.136979818344116,fixest::feols,2,simple,1000000,r
2,0.134511947631836,fixest::feols,2,simple,1000000,r
3,0.0688190460205078,fixest::feols,2,simple,1000000,r
1,0.187994003295898,fixest::feols,3,simple,1000000,r
2,0.189781188964844,fixest::feols,3,simple,1000000,r
3,0.12171196937561,fixest::feols,3,simple,1000000,r
1,0.366157054901123,lfe::felm,2,simple,1000000,r
2,0.359699010848999,lfe::felm,2,simple,1000000,r
3,0.361740112304688,lfe::felm,2,simple,1000000,r
1,0.50164008140564,lfe::felm,3,simple,1000000,r
2,0.508414030075073,lfe::felm,3,simple,1000000,r
3,0.501477003097534,lfe::felm,3,simple,1000000,r
1,0.983557250001468,linearmodels.AbsorbingLS,2,simple,1000000,python
2,0.98306558400509,linearmodels.AbsorbingLS,2,simple,1000000,python
3,0.995508291998704,linearmodels.AbsorbingLS,2,simple,1000000,python
1,1.98012583299715,linearmodels.AbsorbingLS,3,simple,1000000,python
2,1.96819587500067,linearmodels.AbsorbingLS,3,simple,1000000,python
3,1.97432641700289,linearmodels.AbsorbingLS,3,simple,1000000,python
1,0.196663875001832,pyfixest.feols (numba),2,simple,1000000,python
2,0.19064791600249,pyfixest.feols (numba),2,simple,1000000,python
3,0.204480125001282,pyfixest.feols (numba),2,simple,1000000,python
1,0.236994500002766,pyfixest.feols (numba),3,simple,1000000,python
2,0.225112542000716,pyfixest.feols (numba),3,simple,1000000,python
3,0.230443542001012,pyfixest.feols (numba),3,simple,1000000,python
1,0.191575167002156,pyfixest.feols (rust),2,simple,1000000,python
2,0.191281375002291,pyfixest.feols (rust),2,simple,1000000,python
3,0.19567787500273,pyfixest.feols (rust),2,simple,1000000,python
1,0.232954875005817,pyfixest.feols (rust),3,simple,1000000,python
2,0.224225792000652,pyfixest.feols (rust),3,simple,1000000,python
3,0.226646208000602,pyfixest.feols (rust),3,simple,1000000,python
1,2.12949416699848,pyfixest.feols (scipy),2,simple,1000000,python
2,2.13104504099465,pyfixest.feols (scipy),2,simple,1000000,python
3,2.19271574999584,pyfixest.feols (scipy),2,simple,1000000,python
1,2.72716912500619,pyfixest.feols (scipy),3,simple,1000000,python
2,2.73105333399872,pyfixest.feols (scipy),3,simple,1000000,python
3,2.60786229199584,pyfixest.feols (scipy),3,simple,1000000,python
1,,statsmodels.OLS,2,simple,1000000,python
2,,statsmodels.OLS,2,simple,1000000,python
3,,statsmodels.OLS,2,simple,1000000,python
1,,statsmodels.OLS,3,simple,1000000,python
2,,statsmodels.OLS,3,simple,1000000,python
3,,statsmodels.OLS,3,simple,1000000,python
1,0.169003009796143,FixedEffectModels.reg,2,difficult,2000000,julia
2,0.16113018989563,FixedEffectModels.reg,2,difficult,2000000,julia
3,0.169661045074463,FixedEffectModels.reg,2,difficult,2000000,julia
1,5.40086817741394,FixedEffectModels.reg,3,difficult,2000000,julia
2,5.33024096488953,FixedEffectModels.reg,3,difficult,2000000,julia
3,6.06016397476196,FixedEffectModels.reg,3,difficult,2000000,julia
1,0.145982980728149,fixest::feols,2,difficult,2000000,r
2,0.13937497138977,fixest::feols,2,difficult,2000000,r
3,0.146911859512329,fixest::feols,2,difficult,2000000,r
1,9.98201203346252,fixest::feols,3,difficult,2000000,r
2,10.8857469558716,fixest::feols,3,difficult,2000000,r
3,13.0773169994354,fixest::feols,3,difficult,2000000,r
1,0.622817039489746,lfe::felm,2,difficult,2000000,r
2,0.61717414855957,lfe::felm,2,difficult,2000000,r
3,0.753386974334717,lfe::felm,2,difficult,2000000,r
1,,lfe::felm,3,difficult,2000000,r
2,,lfe::felm,3,difficult,2000000,r
3,,lfe::felm,3,difficult,2000000,r
1,2.0257676250003,linearmodels.AbsorbingLS,2,difficult,2000000,python
2,2.01405412500026,linearmodels.AbsorbingLS,2,difficult,2000000,python
3,2.02539162500034,linearmodels.AbsorbingLS,2,difficult,2000000,python
1,,linearmodels.AbsorbingLS,3,difficult,2000000,python
2,,linearmodels.AbsorbingLS,3,difficult,2000000,python
3,,linearmodels.AbsorbingLS,3,difficult,2000000,python
1,2.23684737499934,pyfixest.feols (numba),2,difficult,2000000,python
2,2.23521025000082,pyfixest.feols (numba),2,difficult,2000000,python
3,2.23954841600062,pyfixest.feols (numba),2,difficult,2000000,python
1,47.3104505420015,pyfixest.feols (numba),3,difficult,2000000,python
2,51.315383084002,pyfixest.feols (numba),3,difficult,2000000,python
3,,pyfixest.feols (numba),3,difficult,2000000,python
1,1.25368495799921,pyfixest.feols (rust),2,difficult,2000000,python
2,1.24985162499797,pyfixest.feols (rust),2,difficult,2000000,python
3,1.23711870799889,pyfixest.feols (rust),2,difficult,2000000,python
1,45.4103034579966,pyfixest.feols (rust),3,difficult,2000000,python
2,49.1499317499984,pyfixest.feols (rust),3,difficult,2000000,python
3,,pyfixest.feols (rust),3,difficult,2000000,python
1,5.74780466700031,pyfixest.feols (scipy),2,difficult,2000000,python
2,5.58773008299613,pyfixest.feols (scipy),2,difficult,2000000,python
3,5.60981200000242,pyfixest.feols (scipy),2,difficult,2000000,python
1,16.3193167919999,pyfixest.feols (scipy),3,difficult,2000000,python
2,16.0918449169985,pyfixest.feols (scipy),3,difficult,2000000,python
3,16.7943812500016,pyfixest.feols (scipy),3,difficult,2000000,python
1,,statsmodels.OLS,2,difficult,2000000,python
2,,statsmodels.OLS,2,difficult,2000000,python
3,,statsmodels.OLS,2,difficult,2000000,python
1,,statsmodels.OLS,3,difficult,2000000,python
2,,statsmodels.OLS,3,difficult,2000000,python
3,,statsmodels.OLS,3,difficult,2000000,python
1,0.224972009658813,FixedEffectModels.reg,2,simple,2000000,julia
2,0.172972917556763,FixedEffectModels.reg,2,simple,2000000,julia
3,0.163072109222412,FixedEffectModels.reg,2,simple,2000000,julia
1,0.367748022079468,FixedEffectModels.reg,3,simple,2000000,julia
2,0.439810991287231,FixedEffectModels.reg,3,simple,2000000,julia
3,0.440590858459473,FixedEffectModels.reg,3,simple,2000000,julia
1,0.203603982925415,fixest::feols,2,simple,2000000,r
2,0.207065105438232,fixest::feols,2,simple,2000000,r
3,0.208859920501709,fixest::feols,2,simple,2000000,r
1,0.319146156311035,fixest::feols,3,simple,2000000,r
2,0.319401025772095,fixest::feols,3,simple,2000000,r
3,0.31414794921875,fixest::feols,3,simple,2000000,r
1,0.687250852584839,lfe::felm,2,simple,2000000,r
2,0.621052980422974,lfe::felm,2,simple,2000000,r
3,0.620879888534546,lfe::felm,2,simple,2000000,r
1,0.920046091079712,lfe::felm,3,simple,2000000,r
2,0.979189872741699,lfe::felm,3,simple,2000000,r
3,0.923383951187134,lfe::felm,3,simple,2000000,r
1,2.01133174999995,linearmodels.AbsorbingLS,2,simple,2000000,python
2,2.06594533399766,linearmodels.AbsorbingLS,2,simple,2000000,python
3,2.04446008299419,linearmodels.AbsorbingLS,2,simple,2000000,python
1,4.20632812500116,linearmodels.AbsorbingLS,3,simple,2000000,python
2,4.19641554199916,linearmodels.AbsorbingLS,3,simple,2000000,python
3,4.20005408299767,linearmodels.AbsorbingLS,3,simple,2000000,python
1,0.336610124999424,pyfixest.feols (numba),2,simple,2000000,python
2,0.336936375002551,pyfixest.feols (numba),2,simple,2000000,python
3,0.338769750000211,pyfixest.feols (numba),2,simple,2000000,python
1,0.43806579199736,pyfixest.feols (numba),3,simple,2000000,python
2,0.442559709001216,pyfixest.feols (numba),3,simple,2000000,python
3,0.435748374999093,pyfixest.feols (numba),3,simple,2000000,python
1,0.340723957997398,pyfixest.feols (rust),2,simple,2000000,python
2,0.389245665995986,pyfixest.feols (rust),2,simple,2000000,python
3,0.351426582994463,pyfixest.feols (rust),2,simple,2000000,python
1,0.452434415994503,pyfixest.feols (rust),3,simple,2000000,python
2,0.452296957999351,pyfixest.feols (rust),3,simple,2000000,python
3,0.450293125002645,pyfixest.feols (rust),3,simple,2000000,python
1,4.38877820800553,pyfixest.feols (scipy),2,simple,2000000,python
2,4.43895916700421,pyfixest.feols (scipy),2,simple,2000000,python
3,4.41609408399381,pyfixest.feols (scipy),2,simple,2000000,python
1,5.20315775000199,pyfixest.feols (scipy),3,simple,2000000,python
2,5.45618666700466,pyfixest.feols (scipy),3,simple,2000000,python
3,5.24805270800425,pyfixest.feols (scipy),3,simple,2000000,python
1,,statsmodels.OLS,2,simple,2000000,python
2,,statsmodels.OLS,2,simple,2000000,python
3,,statsmodels.OLS,2,simple,2000000,python
1,,statsmodels.OLS,3,simple,2000000,python
2,,statsmodels.OLS,3,simple,2000000,python
3,,statsmodels.OLS,3,simple,2000000,python
